# example:2_2.2.1 
# example:2 : Loading data into R : Working with relational databases : A production-size example 
# Title: SQL Screwdriver XML configuration file 

<?xml version="1.0" encoding="UTF-8"?>
<!DOCTYPE properties SYSTEM "http://java.sun.com/dtd/properties.dtd">
<properties>
   <comment>testdb</comment>
   <entry key="user">u</entry>  	# Note: 1 
   <entry key="password">u</entry> 	# Note: 2 
   <entry key="driver">org.h2.Driver</entry>  	# Note: 3 
   <entry key="url">jdbc:h2:H2DB \
      ;LOG=0;CACHE_SIZE=65536;LOCK_MODE=0;UNDO_LOG=0</entry> 	# Note: 4 
</properties>

# Note 1: 
#    
#   Username to use for database 
#   connection. 
#    

# Note 2: 
#    
#   Password to use for database 
#   connection. 
#    

# Note 3: 
#    
#   Java classname of the database driver. SQL 
#   Screwdriver used JDBC, which is a broad database 
#   application programming interface layer. You could 
#   use another database such as PostgreSQL by 
#   specifying a different driver name, such as 
#   org.postgresql.Driver. 
#    

# Note 4: 
#    
#   URL specifying database. For H2, it’s just 
#   jdbc:h2: followed by the file prefix you wish to 
#   use to store data. The items after the semicolon 
#   are performance options. For PostgreSQL, it would 
#   be something more like 
#   jdbc:postgresql://host:5432/db. The descriptions 
#   of the URL format and drivers should be part of 
#   your database documentation, and you can use 
#   SQuirreL SQL to confirm you have them 
#   right. 
#    

